transaction_id,customer_id,product_id,amount,transaction_timestamp,status,channel
17718,311,360,2633.86,2026-01-01 04:01:56,success,store
73704,3594,96,1898.51,2026-01-01 11:13:56,failed,store
83010,3283,420,612.6,2026-01-01 00:11:15,failed,online
33988,2097,315,1678.39,2026-01-01 14:08:47,success,online
93334,1453,195,509.07,2026-01-01 15:12:59,success,online
3517,3791,127,617.95,2026-01-01 13:30:46,success,store
22175,3459,342,2624.01,2026-01-01 15:22:11,success,online
18697,3288,129,316.47,2026-01-01 02:17:01,success,store
62397,3413,476,1142.72,2026-01-01 21:12:26,success,store
48921,3993,203,1583.26,2026-01-01 18:20:27,success,online
13116,1709,101,4455.5,2026-01-01 01:11:56,success,online
27267,2208,247,4250.77,2026-01-01 14:50:00,success,online
23900,1886,242,1950.98,2026-01-01 17:45:54,success,store
50203,1068,487,3308.07,2026-01-01 09:48:38,failed,online
49935,1466,383,4617.27,2026-01-01 14:57:18,failed,store
90036,3309,64,4941.51,2026-01-02 01:05:35,failed,online
71656,945,429,3033.74,2026-01-01 00:26:05,success,store
50268,478,210,2797.12,2026-01-01 19:28:37,success,store
49685,3407,157,3782.02,2026-01-01 17:47:18,failed,store
89318,2161,443,2811.4,2026-01-01 11:15:14,success,store
44000,4304,422,4287.45,2026-01-01 10:01:43,failed,online
8129,4957,132,3466.69,2026-01-01 10:24:24,failed,online
56308,1947,401,4109.08,2026-01-01 05:48:53,success,online
74573,2534,467,4182.72,2026-01-01 10:30:22,failed,store
46753,1323,175,474.75,2026-01-01 23:52:28,failed,store
58998,3936,126,1501.92,2026-01-01 13:14:29,failed,online
65279,3379,131,230.71,2026-01-02 02:59:49,failed,online
1077,2538,178,4942.43,2026-01-01 17:26:34,success,store
52057,1072,152,4912.92,2026-01-01 03:17:45,failed,store
66605,2132,278,4290.21,2026-01-01 11:00:24,success,store
77964,2575,250,4861.09,2026-01-01 02:55:19,failed,store
43712,307,485,2881.51,2026-01-01 10:03:14,success,store
73503,4888,315,1369.75,2026-01-01 11:52:32,success,store
60850,14,292,371.45,2026-01-01 05:46:13,failed,store
34624,4828,207,2648.77,2026-01-02 01:34:06,failed,store
24671,4996,115,73.4,2026-01-01 15:39:36,success,store
75280,1540,374,4586.94,2026-01-01 12:07:49,failed,store
41544,1326,280,3028.31,2026-01-01 03:39:03,success,store
38402,1844,435,2909.66,2026-01-02 01:18:35,success,store
55866,1481,475,4184.74,2026-01-01 13:11:41,success,online
81670,1036,372,2342.34,2026-01-01 19:21:02,failed,store
36359,3293,33,1976.65,2026-01-01 09:15:04,failed,store
93437,315,89,546.86,2026-01-01 20:10:17,failed,store
45371,2370,70,3490.72,2026-01-02 00:51:08,failed,online
36364,2623,280,287.48,2026-01-01 21:44:20,failed,online
68043,56,240,4203.4,2026-01-01 16:38:44,failed,store
29928,3969,340,497.91,2026-01-01 14:57:08,success,online
62234,1876,63,3513.8,2026-01-01 15:15:18,success,online
15426,251,243,105.9,2026-01-01 14:41:56,success,online
15426,1871,105,68.32,2026-01-01 03:49:32,success,online
77461,3429,82,863.38,2026-01-01 04:38:34,failed,online
52369,1810,16,3516.78,2026-01-01 14:54:05,success,store
90376,4928,431,2880.41,2026-01-01 08:51:41,failed,online
7394,4951,272,3308.44,2026-01-01 01:20:22,failed,store
1635,583,113,3101.97,2026-01-01 22:57:54,failed,store
68919,4062,124,698.12,2026-01-02 00:59:49,failed,store
53768,348,191,3734.8,2026-01-01 01:20:39,success,store
19423,1059,385,1324.36,2026-01-02 01:55:30,failed,online
37447,2665,243,2861.04,2026-01-01 12:30:19,success,online
18969,3106,426,4242.0,2026-01-01 12:06:31,failed,store
84443,4890,147,3499.88,2026-01-01 13:56:08,success,online
29114,2156,393,4964.05,2026-01-01 20:41:40,success,online
82503,431,161,1860.63,2026-01-01 02:41:39,success,online
63435,263,13,2031.08,2026-01-01 14:22:53,success,online
46403,24,438,3690.43,2026-01-01 08:26:13,success,online
29028,384,267,3118.99,2026-01-01 19:21:09,success,online
9851,1801,357,2464.73,2026-01-01 09:20:25,success,store
67587,2862,462,211.57,2026-01-01 23:16:46,success,store
75035,3818,49,2840.3,2026-01-01 01:28:48,success,store
22505,3106,258,1315.21,2026-01-01 21:27:14,failed,online
72871,2975,321,3696.54,2026-01-01 01:17:57,failed,online
94465,2802,124,414.38,2026-01-01 09:16:43,failed,store
97449,4643,403,3839.9,2026-01-01 08:51:47,success,store
88039,1542,68,2109.22,2026-01-01 02:06:22,success,online
38680,1906,3,4469.1,2026-01-01 21:23:24,success,online
67699,2505,447,1482.79,2026-01-01 03:44:54,success,store
32374,1354,112,1505.07,2026-01-01 09:11:27,success,online
30940,1110,167,2129.29,2026-01-01 17:19:23,failed,online
89529,590,100,3202.93,2026-01-01 08:03:00,success,online
82948,2326,6,4724.08,2026-01-01 08:00:20,success,store
5324,4114,468,3373.64,2026-01-01 10:28:44,success,online
79284,4372,464,422.42,2026-01-01 06:17:22,success,store
79288,1484,487,3771.68,2026-01-01 21:59:50,success,store
26398,4583,399,4000.55,2026-01-01 22:32:17,success,online
30719,3837,136,3102.89,2026-01-01 04:35:04,success,store
17749,3893,240,4527.54,2026-01-01 20:49:57,success,online
82592,3292,319,555.57,2026-01-02 01:22:33,failed,online
55213,805,482,1334.25,2026-01-01 03:49:21,failed,online
19852,2025,5,2063.86,2026-01-01 01:11:13,success,store
63863,4854,326,2828.5,2026-01-01 05:18:47,failed,store
9059,1168,22,924.41,2026-01-02 00:39:54,failed,store
86935,1386,56,4519.84,2026-01-01 08:31:36,failed,store
80647,2692,265,4129.73,2026-01-01 21:02:17,failed,store
87885,4482,130,4414.32,2026-01-01 09:38:42,failed,store
18315,630,275,543.29,2026-01-02 00:57:28,failed,online
55059,757,404,3172.31,2026-01-01 20:04:32,success,online
22026,3137,21,1357.32,2026-01-01 07:22:10,success,store
61960,4058,343,1470.9,2026-01-01 22:29:10,failed,store
8331,240,103,4724.3,2026-01-01 03:35:15,success,online
94653,3613,110,1843.72,2026-01-01 00:24:25,failed,online
290,3140,36,1784.22,2026-01-01 08:59:14,failed,store
45430,2690,264,1662.58,2026-01-01 18:33:21,success,online
98028,1227,429,1600.31,2026-01-01 10:25:17,success,store
52875,2820,53,2407.85,2026-01-01 17:00:43,failed,store
30515,4663,421,2269.97,2026-01-01 08:06:50,failed,online
93408,4769,175,3746.58,2026-01-01 14:35:55,success,online
48294,1236,472,3374.49,2026-01-02 00:05:46,failed,store
61310,2524,432,472.11,2026-01-01 15:18:58,failed,online
20418,645,290,3477.89,2026-01-01 02:32:18,success,store
73527,639,276,1290.22,2026-01-01 11:15:27,success,store
84583,538,354,3198.58,2026-01-01 16:30:07,success,online
62919,2090,201,2846.58,2026-01-01 07:40:18,failed,store
6448,2304,182,3733.28,2026-01-01 20:45:31,success,store
18971,1920,367,3133.63,2026-01-01 03:29:56,success,online
87159,54,409,1374.9,2026-01-01 03:14:30,success,store
3688,1170,494,1897.14,2026-01-01 15:37:54,success,online
16193,4568,321,4073.43,2026-01-01 04:35:05,failed,store
73335,2241,219,161.64,2026-01-01 04:22:50,failed,online
23311,292,339,4091.09,2026-01-01 03:47:49,failed,store
99641,403,370,4631.43,2026-01-01 07:24:48,success,store
4653,664,158,202.49,2026-01-01 01:40:14,failed,online
34375,3334,412,920.34,2026-01-02 03:25:20,success,store
57489,4744,36,4688.85,2026-01-01 06:03:37,failed,store
73760,2140,209,4324.96,2026-01-01 21:28:21,success,store
25268,1386,221,180.56,2026-01-01 05:25:04,failed,store
99973,3633,155,619.87,2026-01-01 07:19:43,failed,store
72576,4732,160,1142.42,2026-01-01 05:34:24,success,online
84660,3038,226,2745.93,2026-01-01 03:15:17,failed,online
4007,2679,328,3297.16,2026-01-01 13:07:52,success,store
4459,1047,366,1945.03,2026-01-01 13:46:41,success,store
85598,4429,345,941.21,2026-01-02 03:07:26,failed,online
77579,4461,77,2386.92,2026-01-01 22:01:49,failed,online
66339,1926,331,4642.62,2026-01-01 22:32:08,failed,online
67267,1266,33,1912.75,2026-01-01 09:29:11,success,store
8258,1678,215,3080.88,2026-01-01 07:13:56,failed,store
1037,2726,243,1821.56,2026-01-02 02:13:57,failed,online
21053,69,128,3872.13,2026-01-01 11:37:39,failed,online
38519,2731,495,1600.0,2026-01-01 07:12:06,failed,store
5110,4868,310,2328.06,2026-01-01 13:38:11,failed,store
72674,2535,125,2463.81,2026-01-01 16:20:32,success,online
32778,1110,147,2704.5,2026-01-01 22:24:44,failed,store
92073,2479,288,2809.5,2026-01-02 01:43:38,success,store
26768,3043,37,38.84,2026-01-01 04:00:27,failed,store
42005,4689,171,1724.29,2026-01-01 16:48:48,failed,store
99456,662,29,3891.01,2026-01-01 11:53:32,failed,store
95499,300,462,1980.22,2026-01-01 05:20:23,failed,online
85518,3633,73,2885.61,2026-01-01 06:42:42,failed,store
54816,1786,29,2524.74,2026-01-01 08:37:32,failed,store
17855,1903,34,4796.74,2026-01-02 02:44:55,failed,store
55710,3316,265,4475.0,2026-01-01 12:03:32,failed,store
67497,3176,282,1324.67,2026-01-02 03:34:15,failed,store
86956,2012,458,725.23,2026-01-01 12:24:17,failed,online
38970,3214,56,2966.35,2026-01-01 15:15:23,failed,online
29605,80,167,71.22,2026-01-01 20:53:12,failed,online
91529,4133,435,535.19,2026-01-02 01:21:38,success,store
49249,2161,258,95.63,2026-01-01 16:51:13,success,store
66500,2821,75,1346.66,2026-01-01 10:56:36,failed,online
3109,1994,313,3970.03,2026-01-02 02:57:37,failed,online
26735,3302,11,694.12,2026-01-01 16:35:35,failed,online
47684,3033,378,1125.75,2026-01-01 17:02:25,success,store
97242,3027,225,523.07,2026-01-01 08:06:23,failed,online
78468,1009,152,2653.76,2026-01-01 01:27:24,success,online
92777,309,493,848.84,2026-01-01 13:23:47,failed,online
4064,4528,35,1332.0,2026-01-01 11:56:12,success,store
13065,3822,450,4711.73,2026-01-01 07:09:31,success,store
63919,3294,260,1665.06,2026-01-01 06:54:47,success,store
80177,930,309,57.8,2026-01-01 16:30:02,success,online
85119,4031,159,3966.64,2026-01-02 01:17:36,success,store
9838,1823,37,4133.33,2026-01-01 13:41:02,failed,store
12222,2397,77,4113.58,2026-01-01 04:51:46,failed,store
62004,792,254,2409.06,2026-01-01 23:18:50,failed,store
48804,3630,193,3498.99,2026-01-01 23:44:18,failed,online
1463,4605,346,3010.59,2026-01-01 16:23:34,failed,online
82927,1030,80,1514.34,2026-01-02 01:51:15,success,online
69897,2052,127,4438.18,2026-01-01 03:39:54,failed,online
78799,2155,77,889.18,2026-01-01 14:38:31,success,online
26456,1583,1,538.54,2026-01-01 23:29:43,success,online
55160,2513,128,4351.26,2026-01-02 03:46:25,success,online
97753,579,349,4602.42,2026-01-01 18:22:01,failed,online
17956,1849,395,1139.48,2026-01-01 08:04:25,failed,store
61216,901,127,4125.65,2026-01-01 04:44:23,failed,online
49888,2205,245,4540.03,2026-01-01 20:04:08,success,store
59343,3547,13,3340.6,2026-01-01 09:23:01,success,store
64031,3699,185,2053.76,2026-01-01 00:30:33,success,store
91870,370,240,582.95,2026-01-02 00:48:39,failed,online
97322,1487,101,312.04,2026-01-01 15:17:57,success,store
20404,1945,166,733.32,2026-01-01 22:04:29,failed,store
5569,4953,141,1570.58,2026-01-01 16:05:31,failed,online
71048,3881,384,2240.85,2026-01-01 12:14:13,success,online
99678,1436,293,3705.58,2026-01-01 10:34:57,failed,online
48137,1555,325,262.86,2026-01-01 14:38:57,success,store
46802,1888,250,1618.43,2026-01-02 02:16:51,success,online
40901,640,91,384.69,2026-01-02 01:55:52,failed,online
43601,2727,88,4410.55,2026-01-01 06:51:13,failed,online
93296,4470,133,549.41,2026-01-01 09:10:58,success,store
87941,2423,262,4808.77,2026-01-01 15:50:33,success,online
30298,4296,98,744.47,2026-01-01 09:54:16,success,store
16559,1080,433,4316.6,2026-01-01 00:56:44,success,online
825,2445,233,820.28,2026-01-01 23:19:01,success,store
65000,1712,118,3669.64,2026-01-01 16:50:54,success,store
23337,2419,441,3479.87,2026-01-01 17:08:06,success,store
5274,3626,353,844.9,2026-01-01 21:00:09,failed,store
69637,932,427,368.3,2026-01-01 03:58:35,failed,online
54959,1006,499,2295.75,2026-01-01 23:10:30,success,online
79757,4691,215,2096.59,2026-01-02 03:44:40,success,store
78275,1304,118,2869.48,2026-01-01 21:19:54,failed,online
30549,776,299,3219.62,2026-01-01 12:24:49,failed,store
21397,4097,334,3417.86,2026-01-01 00:20:43,success,store
64342,3345,11,4302.18,2026-01-02 00:52:42,failed,online
99234,3859,380,2122.3,2026-01-01 14:43:11,success,store
4740,2766,486,4708.47,2026-01-01 19:42:36,failed,online
95436,3666,181,1274.32,2026-01-01 09:22:18,success,online
16058,242,141,2934.54,2026-01-01 01:39:02,success,store
25640,4830,489,2704.24,2026-01-01 04:26:31,success,online
83965,4508,466,1927.42,2026-01-01 19:57:18,failed,store
39179,4442,241,518.83,2026-01-01 22:13:21,failed,online
82153,1725,396,3142.43,2026-01-01 05:54:05,success,online
65673,3688,402,516.02,2026-01-01 05:57:54,failed,store
24652,827,3,1299.99,2026-01-01 10:27:32,failed,online
97205,1876,482,2751.2,2026-01-01 22:32:01,success,store
61620,2534,80,253.06,2026-01-01 02:39:11,failed,store
37220,3487,441,3812.93,2026-01-01 15:04:04,success,store
94526,2035,6,4428.74,2026-01-01 20:24:55,success,online
16708,1534,310,1300.71,2026-01-01 19:59:43,failed,online
49854,1816,383,1710.5,2026-01-01 01:19:09,success,online
59133,582,377,4108.73,2026-01-02 03:15:13,success,online
13590,3203,486,54.61,2026-01-02 00:23:00,success,store
66765,1294,74,3686.6,2026-01-02 00:40:18,failed,store
1849,2994,207,4970.45,2026-01-01 13:26:43,success,store
45425,470,287,727.38,2026-01-02 01:26:04,failed,store
50195,4832,273,4626.5,2026-01-01 11:01:01,failed,online
96760,3240,50,4778.45,2026-01-01 06:42:57,failed,online
78003,4810,89,1255.33,2026-01-01 22:08:45,success,store
72864,1404,305,2264.78,2026-01-01 04:51:44,success,online
92703,4513,278,1299.98,2026-01-01 13:56:20,success,online
75163,3595,341,3563.65,2026-01-01 18:15:01,success,store
31696,1564,473,3678.17,2026-01-01 23:23:20,success,online
6592,1480,178,4565.52,2026-01-01 23:19:34,failed,store
54582,636,497,4853.96,2026-01-01 04:32:59,failed,online
30675,4061,326,403.89,2026-01-01 13:19:45,failed,store
50897,1622,55,3698.15,2026-01-01 19:53:59,failed,store
22118,288,336,3640.71,2026-01-01 17:43:49,failed,online
74671,4388,189,3569.91,2026-01-01 13:52:26,success,store
23247,4175,280,2246.67,2026-01-02 03:44:10,failed,online
3625,3468,171,3492.69,2026-01-02 00:57:36,success,store
77187,626,335,310.88,2026-01-01 16:38:41,failed,store
60035,4984,44,2795.52,2026-01-01 00:43:09,failed,online
60102,2868,327,594.57,2026-01-01 13:43:44,success,store
95733,72,156,923.5,2026-01-01 08:18:55,failed,online
42160,1057,461,863.3,2026-01-01 07:00:05,failed,store
55548,705,445,576.84,2026-01-01 15:14:29,failed,store
84698,258,64,3571.15,2026-01-01 10:18:48,success,store
66482,2089,324,301.13,2026-01-01 18:25:05,success,store
32939,4817,359,929.49,2026-01-01 01:19:46,failed,store
96224,2407,96,1506.2,2026-01-01 12:20:29,failed,store
23325,1193,146,118.95,2026-01-01 09:51:46,success,store
26797,4308,415,106.19,2026-01-01 01:41:47,failed,store
30075,1509,56,1329.99,2026-01-01 04:37:11,success,online
3233,869,82,3480.92,2026-01-01 00:40:14,failed,online
19346,2136,350,4188.64,2026-01-01 21:44:27,failed,online
77933,3166,206,773.41,2026-01-01 14:08:00,success,online
13461,186,353,2823.12,2026-01-01 21:44:40,success,online
69130,4728,442,4074.19,2026-01-01 05:37:51,failed,online
37045,160,185,3320.7,2026-01-01 00:09:23,failed,online
79382,2527,79,2941.73,2026-01-01 20:27:55,failed,store
81179,1678,345,1770.0,2026-01-01 23:08:54,failed,online
52758,3473,11,619.53,2026-01-01 07:32:34,failed,store
41691,3595,386,2336.9,2026-01-01 03:44:44,success,store
80944,4662,481,4593.11,2026-01-02 01:04:02,failed,online
26042,377,429,3359.37,2026-01-01 12:03:01,failed,store
56902,3425,343,1953.49,2026-01-01 14:07:15,failed,online
94427,4017,195,291.8,2026-01-01 04:04:39,success,store
48113,2456,89,3576.99,2026-01-01 04:54:45,failed,store
76614,4982,316,3462.93,2026-01-01 12:48:59,success,online
15638,3947,144,2814.46,2026-01-01 09:01:46,success,online
98552,4250,469,113.63,2026-01-01 12:21:31,failed,store
32143,4791,210,4436.3,2026-01-01 07:16:23,success,online
3422,546,172,1405.84,2026-01-02 02:16:30,success,store
86690,955,48,2581.42,2026-01-01 11:37:43,success,store
49354,3014,385,4543.5,2026-01-01 01:21:59,success,online
98913,7,333,460.59,2026-01-01 16:23:30,success,store
32558,1663,209,2478.38,2026-01-02 03:07:50,success,online
49931,2178,218,1937.26,2026-01-01 03:13:14,failed,store
34421,2011,267,1295.19,2026-01-01 03:54:49,success,online
93909,3418,163,4296.88,2026-01-01 13:06:35,failed,store
12481,4167,197,171.25,2026-01-01 14:41:07,failed,store
89744,361,39,2156.79,2026-01-01 15:38:08,success,online
45023,4397,10,3592.73,2026-01-01 05:35:30,failed,online
49526,3700,410,2548.08,2026-01-01 15:07:29,failed,online
38362,4192,28,480.4,2026-01-01 21:02:26,failed,store
32075,3557,268,25.14,2026-01-01 14:49:36,failed,online
96407,4621,262,1673.73,2026-01-01 11:10:57,success,online
62387,2638,393,3961.78,2026-01-02 01:41:32,success,online
84434,4541,491,423.82,2026-01-01 23:31:20,failed,online
20743,1250,257,263.29,2026-01-01 18:18:11,success,online
54255,2116,500,2060.06,2026-01-01 05:52:01,failed,store
31826,1300,232,2515.03,2026-01-01 10:26:32,failed,store
28375,3712,500,2133.93,2026-01-01 15:51:09,failed,store
58976,2360,394,3106.53,2026-01-02 03:35:41,failed,store
61868,4502,182,3789.67,2026-01-01 08:08:55,success,store
73671,333,492,1989.86,2026-01-01 09:03:20,failed,online
69667,687,347,3691.45,2026-01-01 13:01:41,failed,online
62458,384,255,4109.02,2026-01-01 17:30:52,success,store
74281,4292,406,4082.61,2026-01-01 07:58:58,failed,online
74345,2397,208,3259.64,2026-01-01 13:13:27,failed,store
68802,3571,382,4221.73,2026-01-01 23:40:31,success,store
10481,3952,448,1957.24,2026-01-02 02:31:47,failed,store
93641,1098,114,1008.88,2026-01-01 12:36:59,success,store
49230,521,390,4807.21,2026-01-01 12:35:22,failed,online
30102,1366,451,253.06,2026-01-01 17:05:47,success,online
4020,2093,218,3583.12,2026-01-01 05:55:21,failed,online
96423,986,4,94.32,2026-01-01 01:01:13,failed,store
60407,30,266,387.43,2026-01-01 13:49:29,success,online
31254,1970,212,2891.22,2026-01-01 03:19:35,failed,online
90052,1587,167,4050.15,2026-01-01 23:07:36,failed,online
44822,2569,412,3425.09,2026-01-01 08:34:16,failed,store
40480,3157,394,4030.83,2026-01-02 01:15:13,failed,store
22399,1324,309,4530.43,2026-01-01 01:01:24,failed,online
37675,4353,410,970.93,2026-01-01 20:46:08,failed,online
18623,2548,26,1885.19,2026-01-02 03:26:12,success,online
67461,3720,25,3402.96,2026-01-01 10:02:25,success,store
33442,3818,361,563.11,2026-01-01 14:53:03,failed,online
6831,1731,481,2351.62,2026-01-01 05:16:20,success,store
43032,4773,428,2998.44,2026-01-01 10:05:42,success,store
32872,304,21,568.51,2026-01-02 02:41:57,success,online
63697,296,421,3802.19,2026-01-01 04:32:36,failed,online
16744,3121,309,4666.33,2026-01-01 09:28:00,failed,store
20456,3774,215,4127.28,2026-01-01 11:59:21,success,store
51252,2502,245,1227.62,2026-01-01 02:54:18,success,store
70243,3491,348,3941.22,2026-01-01 05:12:50,failed,store
12808,901,367,3106.69,2026-01-01 10:35:02,success,online
67605,3394,111,3990.5,2026-01-01 11:01:35,success,store
38064,1768,480,696.37,2026-01-01 04:28:07,success,online
97297,2077,20,4001.09,2026-01-02 02:33:39,failed,store
80721,2118,220,721.02,2026-01-02 03:24:06,success,store
22729,1300,242,4313.85,2026-01-02 03:20:45,success,online
70898,2300,129,3150.27,2026-01-02 00:42:37,failed,online
60543,318,485,209.89,2026-01-01 06:53:30,failed,store
75472,2500,92,469.91,2026-01-01 21:36:49,failed,store
58133,4345,200,4142.23,2026-01-01 00:40:05,failed,store
6034,3703,153,1912.11,2026-01-01 04:08:24,failed,store
58557,171,48,529.76,2026-01-02 00:44:02,success,online
15366,4627,31,1800.03,2026-01-01 09:49:59,failed,online
13773,2024,345,3320.15,2026-01-02 02:18:13,failed,store
70729,1858,300,1740.08,2026-01-01 18:43:22,failed,store
55337,3057,301,3316.84,2026-01-01 22:16:59,success,online
22445,1883,15,1366.5,2026-01-01 05:59:00,success,store
94873,3207,363,718.98,2026-01-01 11:56:55,success,store
35440,4434,500,3842.91,2026-01-02 03:21:32,success,store
39639,2443,342,3776.83,2026-01-02 02:51:54,success,online
11852,1513,105,91.19,2026-01-01 08:25:36,failed,online
59452,498,499,3365.77,2026-01-01 19:04:27,success,store
92051,600,335,4834.62,2026-01-01 22:31:09,success,store
98506,1580,388,122.43,2026-01-01 11:36:08,failed,store
84750,3740,373,3401.21,2026-01-01 16:34:49,success,online
77608,2044,93,943.91,2026-01-01 01:02:52,failed,store
64950,1795,8,4682.28,2026-01-01 15:26:34,failed,store
80133,4313,39,1770.17,2026-01-01 15:40:26,success,online
64197,2548,180,3089.03,2026-01-01 16:43:27,failed,online
74811,2251,340,4271.06,2026-01-01 05:54:49,failed,online
56396,4008,11,3955.94,2026-01-01 07:14:19,failed,online
88428,1386,323,1682.71,2026-01-01 11:13:18,success,store
17180,2386,110,2825.11,2026-01-01 02:15:11,success,online
45130,2234,244,3409.84,2026-01-01 09:04:23,success,online
92611,4428,210,409.87,2026-01-01 09:39:55,failed,online
74337,4725,229,4048.82,2026-01-01 01:10:54,success,store
73052,3556,429,2788.24,2026-01-01 06:57:21,success,online
40253,4131,441,323.66,2026-01-01 12:46:21,failed,online
42479,3173,418,3004.75,2026-01-01 02:47:21,failed,online
83733,4126,95,2222.81,2026-01-02 01:31:46,success,store
64462,2279,425,4386.76,2026-01-01 23:35:36,failed,online
73303,3071,455,4966.91,2026-01-01 16:07:46,failed,online
17127,3865,180,1431.66,2026-01-02 01:28:44,success,store
57633,103,414,4075.56,2026-01-02 02:58:41,success,online
47289,4321,293,4744.99,2026-01-01 11:09:45,failed,store
17593,3389,131,2272.39,2026-01-02 00:23:15,failed,online
62451,1265,89,983.69,2026-01-02 03:35:56,success,store
6482,3692,85,3873.92,2026-01-01 08:57:24,failed,store
35439,1419,385,3023.4,2026-01-01 17:06:03,success,online
45949,2155,342,4038.18,2026-01-01 04:51:09,failed,online
47259,3741,382,1328.63,2026-01-01 03:14:14,failed,online
96449,4595,32,2405.43,2026-01-01 05:15:08,success,online
81645,4635,291,3418.67,2026-01-01 00:49:47,success,online
20618,1540,15,3276.2,2026-01-01 05:17:16,success,online
6677,2984,179,4571.0,2026-01-01 14:44:47,success,online
88113,508,398,328.09,2026-01-01 01:39:25,success,store
18775,2831,378,4825.55,2026-01-01 22:25:11,failed,online
86755,4297,85,1463.85,2026-01-01 11:24:41,failed,online
47305,1819,340,2445.05,2026-01-02 00:47:33,failed,store
23147,1591,248,767.83,2026-01-01 00:00:55,failed,store
48301,2848,367,4394.67,2026-01-01 16:44:49,failed,online
88035,4241,173,2118.11,2026-01-01 10:44:02,failed,store
59556,3771,342,3164.9,2026-01-01 10:45:28,failed,online
15081,3555,324,1874.85,2026-01-01 01:09:49,success,store
26610,2235,231,2156.02,2026-01-01 07:51:16,success,store
87681,3729,327,1986.04,2026-01-01 01:58:27,failed,online
59846,1934,434,3068.21,2026-01-02 01:24:44,failed,store
46983,1306,55,4608.17,2026-01-01 07:44:42,failed,online
63920,436,332,1393.65,2026-01-01 20:51:04,failed,store
21119,1862,114,4500.46,2026-01-01 22:53:06,failed,store
51219,3595,33,4338.25,2026-01-01 15:56:10,failed,online
74260,760,410,1833.3,2026-01-01 03:59:15,success,store
96167,4476,289,764.57,2026-01-01 16:01:15,success,store
23676,2656,222,4817.08,2026-01-01 01:38:40,failed,online
24262,290,473,4112.88,2026-01-01 04:06:00,success,store
52277,4871,363,195.35,2026-01-01 18:20:14,failed,store
49894,3618,332,4783.5,2026-01-01 16:09:58,success,online
21315,4789,140,174.1,2026-01-02 01:57:04,failed,online
61695,324,279,3766.77,2026-01-01 21:20:40,failed,store
4066,4128,338,4639.74,2026-01-01 10:39:05,success,store
42821,3637,113,2213.28,2026-01-01 00:08:44,success,store
74659,4370,441,3032.39,2026-01-02 01:28:40,failed,store
53025,278,385,3871.05,2026-01-01 09:40:09,success,online
74727,3924,156,181.25,2026-01-01 23:09:29,success,store
63769,2517,330,348.57,2026-01-01 14:19:03,failed,online
13368,3891,66,3868.22,2026-01-01 05:45:13,failed,store
56451,3512,384,3195.84,2026-01-01 10:15:45,failed,online
93289,1965,320,3929.35,2026-01-01 19:14:11,failed,store
21030,4741,91,878.16,2026-01-01 08:32:42,success,online
89561,3786,109,3336.3,2026-01-01 07:00:03,failed,online
88988,3602,428,1160.34,2026-01-01 06:04:48,failed,store
9511,2827,361,2886.2,2026-01-01 20:08:34,failed,online
84822,1371,464,2242.05,2026-01-01 22:53:51,success,online
83632,3756,469,2918.23,2026-01-01 07:34:13,failed,store
27856,2588,245,4355.05,2026-01-01 15:15:08,success,online
24672,2004,140,3544.94,2026-01-01 03:22:07,success,store
79676,504,181,593.46,2026-01-01 21:08:50,failed,store
63281,2115,295,75.99,2026-01-01 12:42:23,success,online
61178,529,258,4878.84,2026-01-01 10:10:28,failed,store
12332,1745,324,93.17,2026-01-01 16:41:52,success,online
68936,4308,151,1768.69,2026-01-01 08:26:38,failed,online
70474,2900,45,2982.7,2026-01-01 17:57:49,success,online
79670,1757,377,2373.28,2026-01-01 14:59:20,failed,online
46991,1822,129,4089.79,2026-01-01 18:58:42,success,store
96589,4761,151,4251.29,2026-01-01 07:42:56,failed,online
13586,4251,246,3539.1,2026-01-01 06:02:38,success,online
43668,3469,334,104.38,2026-01-01 16:17:06,failed,store
39919,4194,445,4411.81,2026-01-01 06:36:40,success,online
52746,1712,157,1329.44,2026-01-01 22:13:06,failed,store
3700,613,336,4304.03,2026-01-01 15:30:27,success,online
79288,3602,49,3068.09,2026-01-01 15:34:36,failed,online
65730,72,388,4929.23,2026-01-01 08:45:16,failed,online
78186,4878,213,4357.75,2026-01-01 07:10:46,failed,store
76273,1569,316,664.69,2026-01-01 17:55:01,failed,store
46849,1895,154,4558.24,2026-01-01 22:00:54,success,store
60222,4006,366,3843.18,2026-01-01 23:13:16,success,store
41237,1833,308,128.34,2026-01-02 03:27:03,failed,online
70204,1963,365,3832.18,2026-01-02 00:58:51,success,store
99616,3319,125,1327.74,2026-01-01 01:39:49,failed,store
57263,1369,137,4965.64,2026-01-02 01:20:17,success,store
40595,1643,219,2959.24,2026-01-01 11:22:18,failed,store
43371,1725,408,4213.96,2026-01-01 19:58:18,success,online
51703,1907,431,4241.76,2026-01-01 00:10:46,success,online
89837,4595,460,4038.93,2026-01-01 11:52:16,success,store
14247,2592,132,1553.64,2026-01-01 17:53:49,failed,store
7167,2838,319,734.19,2026-01-01 23:08:01,failed,store
97748,1041,486,4689.7,2026-01-01 17:42:08,failed,online
31864,2985,7,1978.61,2026-01-01 20:38:43,success,online
32867,4979,448,3748.46,2026-01-01 09:17:22,success,store
33157,2881,38,664.75,2026-01-01 17:10:06,success,store
56875,4759,336,3642.22,2026-01-01 15:45:39,success,store
62528,1511,27,2753.62,2026-01-01 22:45:33,failed,online
62851,1748,389,4953.45,2026-01-02 01:54:54,failed,online
56082,2111,334,1465.85,2026-01-01 05:13:18,failed,online
44354,2824,370,1532.24,2026-01-01 06:26:43,failed,online
67444,344,262,1874.18,2026-01-02 03:13:38,success,online
92220,3543,64,651.31,2026-01-01 22:48:04,failed,store
31017,229,330,326.48,2026-01-01 01:24:18,failed,store
99041,1287,351,1781.3,2026-01-01 20:58:06,success,store
37561,231,277,33.8,2026-01-01 22:51:47,failed,store
3277,1015,57,4681.97,2026-01-01 12:11:43,success,store
75875,2730,173,2042.41,2026-01-01 01:42:40,failed,store
80398,1027,19,2141.46,2026-01-01 06:47:19,success,online
11949,4182,197,88.02,2026-01-01 23:32:08,success,online
89712,2349,72,1250.07,2026-01-01 11:18:40,failed,store
5161,2048,476,4117.35,2026-01-01 07:39:23,failed,store
93390,185,342,3929.37,2026-01-01 08:45:28,failed,store
40941,2849,415,1540.44,2026-01-01 14:39:46,failed,online
56395,4434,266,4959.95,2026-01-01 22:53:57,success,store
80170,1157,52,4420.4,2026-01-01 16:14:53,failed,online
403,2099,216,2583.08,2026-01-01 17:26:52,failed,online
90899,421,214,1317.16,2026-01-01 12:42:19,failed,store
71345,4928,434,2826.62,2026-01-01 12:09:25,failed,online
30153,315,316,3845.14,2026-01-01 03:00:08,success,online
59480,1293,284,3805.28,2026-01-01 11:19:37,failed,online
79708,1987,455,4992.49,2026-01-01 13:52:17,success,store
23134,2181,181,4427.77,2026-01-01 12:08:45,failed,store
6443,4883,55,1523.44,2026-01-01 16:33:29,failed,store
34869,4304,278,2134.37,2026-01-01 10:51:53,failed,online
21407,1970,387,368.75,2026-01-01 21:15:44,success,store
52731,3704,426,3983.21,2026-01-02 03:02:32,failed,online
19963,678,475,2156.49,2026-01-01 01:14:50,success,online
27781,379,133,375.34,2026-01-01 05:05:12,success,online
79646,59,355,432.55,2026-01-02 01:25:08,success,store
8866,1328,6,3503.64,2026-01-01 11:19:01,failed,store
34091,4612,118,4781.74,2026-01-01 09:37:15,success,store
22662,1561,245,2645.59,2026-01-01 04:52:02,success,store
82715,1563,127,39.06,2026-01-02 03:40:31,success,store
47042,2518,168,2168.56,2026-01-01 11:35:49,failed,store
24341,4417,295,1396.54,2026-01-01 00:59:38,success,online
6774,194,236,3275.04,2026-01-01 00:20:44,failed,store
15355,3016,482,3601.71,2026-01-02 03:03:49,success,online
93803,4384,443,4758.82,2026-01-01 08:48:23,success,store
83211,27,82,1023.08,2026-01-01 15:32:48,failed,online
26010,111,58,929.8,2026-01-01 15:36:57,success,online
39188,244,408,4138.18,2026-01-01 20:23:27,failed,store
19430,1672,366,3821.96,2026-01-02 00:31:01,failed,store
98528,1038,261,3460.19,2026-01-02 01:23:10,success,store
93383,1626,441,4725.27,2026-01-02 00:24:22,success,online
96990,4233,83,3751.61,2026-01-01 12:02:33,success,online
98970,4613,236,4633.88,2026-01-01 15:21:16,failed,store
82716,3614,204,1936.02,2026-01-01 22:31:08,failed,online
39969,1989,316,708.07,2026-01-01 15:37:20,failed,store
50545,179,88,129.59,2026-01-01 19:15:59,success,store
92837,3392,195,586.4,2026-01-01 10:07:24,failed,store
35354,838,155,3886.19,2026-01-01 11:07:24,failed,online
85960,4370,256,2654.7,2026-01-01 16:33:27,success,online
69462,3440,358,247.56,2026-01-01 14:04:28,failed,store
65035,4408,307,1636.92,2026-01-01 01:48:57,success,online
20958,3739,371,1370.92,2026-01-01 14:01:54,failed,store
48325,3469,413,2960.92,2026-01-01 11:49:29,failed,store
98720,2499,354,1554.09,2026-01-01 03:44:29,failed,online
16301,95,155,3300.02,2026-01-01 11:49:57,success,store
53178,4041,138,897.33,2026-01-02 03:09:30,failed,store
43313,3714,299,2019.92,2026-01-01 03:54:36,failed,store
65995,2809,288,1808.32,2026-01-01 18:37:51,failed,store
9189,2977,111,2902.71,2026-01-01 23:43:18,success,store
18021,842,396,193.16,2026-01-01 00:05:21,failed,store
80404,1834,304,2870.07,2026-01-02 03:02:22,failed,store
52129,3017,217,4200.84,2026-01-01 04:54:29,failed,store
27827,4943,362,1749.3,2026-01-01 21:07:42,failed,online
9117,4363,243,468.45,2026-01-01 21:35:27,failed,online
26967,1074,14,1170.48,2026-01-01 16:02:16,success,store
53973,4881,180,883.51,2026-01-02 02:51:08,success,store
53365,3440,292,356.47,2026-01-01 14:20:01,success,online
98317,345,108,2955.31,2026-01-01 03:30:03,failed,store
2356,4256,487,421.18,2026-01-01 06:02:14,failed,store
99168,362,216,1935.06,2026-01-01 09:19:01,success,online
94086,1599,280,4466.88,2026-01-01 08:12:14,success,store
22560,3729,190,649.99,2026-01-01 01:36:55,failed,store
2442,3995,94,656.07,2026-01-01 01:44:42,failed,online
42873,2029,390,234.72,2026-01-02 03:31:42,failed,online
61084,4021,160,450.55,2026-01-01 17:01:04,failed,store
90058,4842,106,1959.52,2026-01-01 00:33:58,failed,store
7572,1158,385,1543.15,2026-01-01 17:27:22,success,online
40389,4598,373,4655.63,2026-01-01 16:35:51,success,online
29798,2901,240,4754.26,2026-01-01 03:28:55,success,store
65562,3064,419,1906.12,2026-01-01 23:21:46,failed,online
29969,3147,410,4134.65,2026-01-01 22:48:30,success,online
63162,3060,380,4442.72,2026-01-01 09:42:55,failed,online
68905,2250,142,4524.82,2026-01-01 08:58:24,failed,store
94617,4990,191,2156.63,2026-01-01 13:25:47,success,online
31104,3339,211,4075.07,2026-01-01 00:26:51,success,store
10739,2049,443,1672.12,2026-01-02 00:03:46,failed,online
27449,159,57,4774.34,2026-01-01 18:56:26,success,store
30007,665,396,4564.08,2026-01-01 04:30:22,success,online
98235,1023,125,4650.75,2026-01-01 10:22:45,success,online
97219,1147,387,3419.43,2026-01-01 13:03:02,failed,online
26293,3261,211,1985.69,2026-01-02 03:35:24,failed,store
31498,2309,232,2354.43,2026-01-01 09:38:23,failed,online
64510,2374,498,3380.84,2026-01-01 21:57:39,success,store
25926,3483,312,3172.08,2026-01-01 01:03:50,success,online
56572,320,461,3551.95,2026-01-01 23:20:01,failed,store
36873,4210,52,3713.61,2026-01-01 13:03:30,failed,store
24717,1083,208,1356.42,2026-01-01 16:48:11,success,online
27293,1207,379,31.45,2026-01-01 18:27:29,success,online
18952,3244,366,3864.44,2026-01-01 22:25:56,failed,online
33095,1554,368,1832.59,2026-01-01 17:05:39,success,store
32571,2597,230,2289.17,2026-01-01 09:00:28,failed,online
95288,3209,20,1441.22,2026-01-01 02:55:33,success,online
74737,2281,265,2293.43,2026-01-01 18:54:26,success,store
14520,2914,76,4930.18,2026-01-02 03:39:21,success,online
84446,4412,283,2858.15,2026-01-01 19:47:14,failed,online
95274,2363,89,2798.61,2026-01-01 16:26:43,success,store
83331,4968,460,1110.59,2026-01-01 02:34:32,success,online
41474,1530,321,1923.07,2026-01-01 04:35:25,failed,store
75404,1880,310,3039.09,2026-01-01 05:29:01,success,online
10645,4186,292,1597.72,2026-01-01 14:21:23,failed,online
32011,3913,342,3213.48,2026-01-01 03:08:55,success,online
70044,4961,417,1965.58,2026-01-01 14:50:46,success,store
68049,101,218,4618.32,2026-01-01 14:48:46,success,online
58929,3432,489,1421.04,2026-01-01 07:22:51,success,online
1622,4276,294,198.59,2026-01-01 08:48:09,failed,store
9013,4273,416,1096.67,2026-01-01 11:08:42,failed,online
50117,4486,397,1985.59,2026-01-01 17:51:56,failed,store
77659,2361,132,2642.14,2026-01-01 03:16:10,failed,online
30016,638,177,1268.02,2026-01-01 12:23:54,failed,online
45945,2896,173,4824.68,2026-01-01 15:04:16,success,online
49701,1298,461,4399.2,2026-01-01 03:20:26,failed,store
65809,1570,454,2650.21,2026-01-01 19:34:32,success,store
43004,1461,145,3019.76,2026-01-01 00:49:34,success,online
15029,567,172,2068.38,2026-01-01 02:24:48,failed,online
80218,3007,446,2063.94,2026-01-01 04:45:32,success,store
48874,1629,35,663.45,2026-01-01 08:23:29,failed,store
9896,714,141,3638.41,2026-01-01 16:58:37,success,online
70237,2941,333,2600.08,2026-01-01 13:43:40,success,online
87635,2267,316,3139.92,2026-01-01 11:16:13,success,store
58019,4675,183,1449.58,2026-01-01 02:16:01,success,store
56659,3888,9,3399.39,2026-01-01 03:41:34,success,store
19492,4715,150,1275.47,2026-01-02 01:53:05,failed,store
44196,66,204,172.38,2026-01-02 00:45:59,success,store
45885,38,231,1267.61,2026-01-01 17:23:50,success,store
13304,4471,59,4890.3,2026-01-01 06:18:55,failed,store
17898,3003,31,3440.87,2026-01-01 01:54:10,success,online
37882,4060,64,3900.51,2026-01-01 18:05:27,success,store
57488,4648,9,2615.81,2026-01-01 15:13:52,failed,store
38048,1477,200,4180.83,2026-01-01 11:53:39,failed,online
43477,2810,253,3057.79,2026-01-01 07:20:13,success,online
50411,3922,343,1357.69,2026-01-01 03:49:12,success,online
4758,30,466,3020.42,2026-01-01 01:53:18,success,store
73794,3064,68,4152.93,2026-01-01 02:10:34,success,store
58381,1373,28,1932.99,2026-01-01 07:21:16,failed,online
32755,4803,366,2402.09,2026-01-01 19:58:15,success,store
36041,4170,247,3290.27,2026-01-01 02:40:18,success,store
85400,2116,447,2357.09,2026-01-01 16:31:24,success,store
84877,4574,158,3190.46,2026-01-01 08:57:57,failed,online
64541,1973,279,4964.58,2026-01-01 21:17:51,failed,online
83726,3856,341,4878.27,2026-01-01 04:04:34,failed,store
79986,3150,299,3545.31,2026-01-01 20:28:45,success,online
92947,1133,84,865.64,2026-01-01 10:31:48,failed,store
2305,1164,168,4094.74,2026-01-01 17:05:22,failed,store
14533,2134,123,717.11,2026-01-01 16:52:30,failed,store
69938,2817,86,2232.57,2026-01-01 02:40:03,success,store
37698,3752,79,3931.75,2026-01-02 01:01:36,failed,store
52214,3038,445,810.02,2026-01-01 12:24:13,success,store
79569,4592,382,911.67,2026-01-02 01:52:02,failed,online
24126,2549,453,1318.49,2026-01-01 02:31:21,failed,online
14543,4015,76,1469.06,2026-01-01 09:33:57,failed,store
67336,2435,439,4405.3,2026-01-01 05:50:09,failed,store
60511,939,266,4434.72,2026-01-01 22:07:59,failed,store
54832,2329,305,1168.35,2026-01-02 02:42:57,failed,online
92406,2970,133,4488.18,2026-01-01 03:19:23,failed,store
56350,2475,107,179.58,2026-01-01 23:41:33,success,store
8811,423,22,2566.27,2026-01-01 09:56:33,success,store
18210,1420,75,2314.77,2026-01-01 03:34:49,failed,online
1414,3199,44,1987.87,2026-01-01 14:32:32,failed,online
82427,2392,350,2170.82,2026-01-02 02:38:45,success,online
57357,1590,321,692.61,2026-01-01 19:47:04,failed,store
85964,3551,447,3042.36,2026-01-01 05:12:23,failed,online
49091,4402,126,4965.75,2026-01-01 15:51:38,success,store
99841,35,112,445.67,2026-01-01 16:16:30,success,store
34931,2399,251,2661.49,2026-01-02 02:14:02,failed,store
75922,896,405,2809.24,2026-01-02 00:55:45,failed,online
83871,4341,396,4625.19,2026-01-01 11:57:51,failed,online
27610,3507,222,4040.77,2026-01-01 03:23:21,success,online
97808,3606,475,4816.72,2026-01-01 02:03:22,success,store
86648,4134,193,2320.59,2026-01-01 11:12:11,success,online
5700,148,260,2996.2,2026-01-01 23:54:32,success,online
90753,4583,340,4635.31,2026-01-01 16:38:52,failed,store
75591,623,435,360.13,2026-01-01 21:20:13,success,store
74954,1412,424,3549.41,2026-01-01 10:25:02,success,store
485,801,119,1139.02,2026-01-01 00:38:56,success,store
77191,2960,443,1426.05,2026-01-01 19:04:30,success,online
11570,592,465,4452.71,2026-01-01 10:18:53,success,online
52169,180,350,4282.56,2026-01-01 04:29:56,failed,online
7143,4402,498,479.22,2026-01-01 00:00:08,success,store
24066,4861,275,2046.87,2026-01-01 08:55:53,failed,store
79875,4309,376,2660.74,2026-01-02 01:44:01,failed,store
30709,4021,252,1267.57,2026-01-01 17:02:48,success,store
55741,1146,72,2159.51,2026-01-01 10:17:28,success,store
57587,4785,285,410.58,2026-01-01 10:36:43,success,store
29838,1811,495,2872.18,2026-01-01 07:26:05,failed,store
99308,94,438,1097.65,2026-01-01 04:04:42,failed,online
1183,2705,480,4384.13,2026-01-01 03:11:22,failed,store
69408,3394,178,839.67,2026-01-01 18:11:33,failed,store
23830,3856,407,996.4,2026-01-01 17:59:30,failed,online
15717,153,466,3888.75,2026-01-01 21:41:16,failed,store
82367,4495,60,929.45,2026-01-01 17:21:13,success,online
52474,1667,230,2834.03,2026-01-01 01:47:53,failed,online
73904,4957,119,4311.86,2026-01-01 10:29:15,success,store
69537,4076,45,2080.78,2026-01-01 15:49:34,success,online
11275,2923,473,2288.64,2026-01-01 09:17:26,failed,online
48757,1040,92,3912.07,2026-01-01 11:11:11,success,online
28069,475,126,3287.39,2026-01-02 01:50:27,success,online
37787,4714,437,4438.21,2026-01-01 06:11:39,failed,online
43046,742,271,143.22,2026-01-01 22:21:28,failed,online
75030,3037,214,4536.2,2026-01-01 04:45:24,success,online
67120,2367,195,3300.35,2026-01-01 23:12:50,failed,store
6011,4117,183,4733.56,2026-01-01 22:31:26,failed,online
65337,2381,83,4998.05,2026-01-01 06:28:51,failed,store
30465,4693,104,4630.04,2026-01-01 01:06:25,success,store
13689,4775,103,4715.35,2026-01-01 08:40:40,failed,store
71169,1123,122,49.84,2026-01-01 16:40:31,failed,store
68444,938,338,2621.17,2026-01-02 03:19:20,success,store
43291,614,156,4793.8,2026-01-01 10:04:39,failed,online
3034,4449,492,3279.96,2026-01-01 18:26:31,success,store
78122,2117,184,560.26,2026-01-01 23:42:23,success,online
34616,1808,49,2967.63,2026-01-01 16:47:22,success,online
16127,4558,53,4808.27,2026-01-01 13:49:24,success,online
22683,4610,109,3788.88,2026-01-01 00:23:02,success,store
48713,2538,362,4490.34,2026-01-01 12:21:59,success,store
85469,3465,242,4043.17,2026-01-01 14:10:13,failed,online
55066,4872,133,954.27,2026-01-01 20:22:31,failed,online
53589,4804,91,4317.02,2026-01-01 14:15:00,failed,store
70353,2057,20,1721.09,2026-01-01 16:52:27,failed,online
73752,4283,124,1140.68,2026-01-01 08:40:44,failed,store
50798,2286,7,3265.7,2026-01-01 17:32:39,failed,online
45811,974,65,3717.11,2026-01-01 04:46:15,success,store
5162,903,187,3651.77,2026-01-01 14:41:02,success,online
80710,1899,342,2631.85,2026-01-01 11:04:30,success,online
23269,4984,458,3568.98,2026-01-01 13:19:19,failed,store
50262,781,181,2845.22,2026-01-01 13:25:02,failed,store
83291,2888,395,3841.29,2026-01-01 06:29:21,success,online
7243,59,298,636.55,2026-01-01 04:12:17,failed,online
12115,3767,303,1735.61,2026-01-02 00:46:40,failed,online
7741,1290,474,4151.17,2026-01-01 00:33:03,failed,store
81933,1570,476,1654.29,2026-01-01 15:09:53,failed,online
79150,1744,397,2523.95,2026-01-01 10:34:16,success,online
97083,4883,331,3504.65,2026-01-01 12:05:29,failed,online
32733,3477,162,260.64,2026-01-01 02:28:17,success,store
91468,4237,389,2871.31,2026-01-01 15:49:32,failed,store
30990,2778,457,4063.21,2026-01-02 02:27:29,success,online
66807,3235,91,3933.79,2026-01-01 17:40:03,success,store
4416,2012,404,1359.3,2026-01-01 07:16:46,failed,online
48053,4721,467,4205.82,2026-01-01 10:39:10,failed,store
22014,3980,154,1562.11,2026-01-01 03:22:39,success,online
30427,11,353,4002.16,2026-01-01 22:17:20,success,store
64474,1167,411,629.23,2026-01-01 04:21:06,failed,store
89172,74,352,3436.26,2026-01-01 22:42:52,success,store
87097,2141,73,1897.58,2026-01-01 10:58:01,success,store
51666,1382,128,130.18,2026-01-02 02:13:20,failed,online
14119,4984,448,2659.47,2026-01-01 06:51:00,success,store
69995,3608,383,2824.94,2026-01-01 20:46:18,failed,store
82771,4107,89,4543.5,2026-01-02 00:53:56,failed,online
35141,4372,216,3164.09,2026-01-01 09:38:32,failed,online
73422,588,109,4054.19,2026-01-02 00:22:53,failed,online
33567,3358,280,1799.26,2026-01-01 08:28:00,success,online
3208,2301,310,17.73,2026-01-01 21:56:46,failed,store
29355,282,104,4517.03,2026-01-01 03:02:37,success,online
30566,736,101,1346.87,2026-01-02 02:58:01,failed,store
40445,1552,117,4113.4,2026-01-01 07:53:06,success,online
97837,3106,430,3446.73,2026-01-01 02:30:53,success,store
15337,1394,447,4598.72,2026-01-01 03:44:30,success,store
17467,2226,457,1584.13,2026-01-02 02:24:31,success,online
65429,749,8,1744.75,2026-01-01 23:22:14,failed,online
28697,638,165,984.99,2026-01-01 04:58:12,failed,online
2327,4950,195,3844.23,2026-01-01 20:42:49,failed,store
3591,1560,498,2977.41,2026-01-01 02:42:07,success,store
26024,3,389,2840.6,2026-01-01 01:10:29,failed,store
14048,2367,438,1128.82,2026-01-01 08:42:48,success,online
5578,584,211,1196.7,2026-01-02 02:33:58,failed,store
67620,3318,231,3164.96,2026-01-01 11:26:04,failed,online
8307,5000,353,2077.65,2026-01-02 00:50:15,failed,online
15504,2931,64,2732.35,2026-01-01 22:25:05,success,online
43091,1136,378,3186.26,2026-01-01 12:13:09,success,store
45076,3063,276,2342.66,2026-01-01 18:43:41,success,store
31153,542,470,3441.82,2026-01-01 02:45:08,failed,online
41872,1805,451,2447.88,2026-01-01 01:38:32,failed,online
13406,3996,110,4956.65,2026-01-01 02:51:19,success,store
38256,1624,246,1759.54,2026-01-02 00:42:17,failed,store
26440,2369,147,2516.33,2026-01-01 23:48:33,failed,store
92038,3976,258,2117.53,2026-01-01 02:37:07,failed,online
34350,171,359,4018.51,2026-01-01 15:54:55,failed,online
40144,4638,423,1117.88,2026-01-02 00:56:32,failed,online
69485,4183,79,3822.91,2026-01-01 06:33:54,success,store
96629,4798,56,2139.99,2026-01-01 10:43:34,failed,store
57284,3526,242,3636.19,2026-01-01 08:44:23,failed,online
42326,4404,175,3511.75,2026-01-01 16:21:34,success,online
81437,1130,59,2537.79,2026-01-01 16:50:28,success,store
87463,2841,267,4486.0,2026-01-01 03:39:58,success,store
15031,4376,67,2419.48,2026-01-01 03:26:47,success,store
86380,2890,340,2967.57,2026-01-01 18:35:25,failed,online
65600,2906,130,2639.03,2026-01-01 20:22:07,success,store
71943,937,210,1259.93,2026-01-01 23:22:30,failed,online
77793,3095,193,1309.0,2026-01-01 10:30:10,success,store
27641,4902,157,2545.29,2026-01-01 02:13:17,success,online
89521,1255,65,927.23,2026-01-01 23:25:30,failed,online
30358,793,184,4470.95,2026-01-02 02:22:27,success,store
29974,3942,339,3548.33,2026-01-01 00:50:56,failed,online
33293,1324,373,2077.43,2026-01-01 14:30:09,failed,online
76873,4465,466,4989.48,2026-01-01 07:19:55,failed,store
6976,2735,253,243.51,2026-01-01 06:08:22,success,online
82538,3342,314,900.94,2026-01-01 01:10:01,success,store
16440,3729,273,3576.61,2026-01-01 01:06:05,failed,online
65937,4457,313,3694.58,2026-01-01 22:28:45,failed,store
24630,4784,190,1914.78,2026-01-01 11:01:57,failed,store
60575,3373,157,2250.77,2026-01-01 03:55:57,failed,online
87909,4915,93,1895.12,2026-01-01 00:10:39,success,store
16701,3270,331,2318.2,2026-01-01 17:09:03,success,store
38250,3901,88,165.67,2026-01-01 13:58:07,failed,online
51880,4340,24,4284.22,2026-01-01 13:44:48,success,store
80238,3064,484,142.43,2026-01-01 21:30:16,failed,online
35478,3204,205,3103.87,2026-01-01 12:57:00,success,online
33396,2938,374,4204.71,2026-01-01 17:08:48,failed,online
8624,4047,20,173.97,2026-01-02 03:28:08,success,online
3648,4078,54,1127.12,2026-01-01 01:52:06,failed,online
29406,4642,124,2538.23,2026-01-01 21:59:06,success,online
36492,650,158,3294.51,2026-01-01 06:30:17,failed,store
99976,3374,293,1300.53,2026-01-01 07:43:01,success,online
14286,510,130,677.59,2026-01-01 12:43:05,success,store
80529,4067,20,3455.97,2026-01-01 11:08:30,success,online
90000,4761,371,3080.14,2026-01-01 14:27:09,success,store
9537,3540,322,1752.73,2026-01-01 20:43:47,failed,store
91420,656,395,3730.88,2026-01-01 18:41:57,failed,store
20073,2216,55,4326.13,2026-01-01 13:00:26,success,online
49997,1062,382,4682.28,2026-01-02 03:21:27,failed,store
96317,2599,392,3664.1,2026-01-02 03:31:09,success,store
24001,2531,14,3854.28,2026-01-02 01:37:49,failed,online
47045,2506,306,3873.47,2026-01-01 00:17:23,success,online
14265,3836,494,2998.03,2026-01-01 08:44:45,success,store
35894,1906,45,1364.28,2026-01-01 21:48:37,failed,online
60588,4851,446,2890.49,2026-01-02 01:16:25,success,online
62016,2151,272,1414.02,2026-01-01 08:05:49,failed,online
19146,840,49,2216.95,2026-01-01 22:30:38,failed,online
82665,101,324,2064.5,2026-01-02 00:13:32,success,store
48453,475,167,3565.61,2026-01-01 22:43:07,success,online
85883,4290,151,4880.79,2026-01-01 00:54:51,failed,store
10023,1513,217,3154.57,2026-01-01 12:48:09,success,online
71317,4753,12,4979.59,2026-01-01 13:43:40,success,online
19860,2819,222,3429.66,2026-01-02 01:56:29,failed,online
70140,2746,61,4612.8,2026-01-01 03:26:53,failed,online
34282,2386,463,2398.32,2026-01-01 21:49:36,success,store
84993,4699,461,237.77,2026-01-01 09:51:46,success,store
93637,1346,435,3858.26,2026-01-01 16:33:14,success,online
38339,4401,98,4286.35,2026-01-01 11:35:46,failed,online
74830,2271,258,485.52,2026-01-01 18:14:03,success,store
7216,3648,88,1795.28,2026-01-01 03:20:28,success,store
63691,2414,90,991.81,2026-01-01 20:43:46,failed,store
76563,2771,417,1272.42,2026-01-01 22:51:03,success,store
37939,3132,40,1800.3,2026-01-01 18:12:24,success,online
90873,1066,16,2818.0,2026-01-01 02:43:24,failed,store
78066,3944,432,4888.35,2026-01-01 01:25:13,failed,online
7519,3470,363,3029.16,2026-01-01 11:40:18,success,online
44543,3026,336,2342.27,2026-01-01 23:33:23,failed,store
3643,2269,409,2545.15,2026-01-01 18:38:48,success,store
36657,4797,75,268.56,2026-01-01 16:11:18,failed,store
51163,696,340,1570.98,2026-01-01 11:50:24,failed,store
33466,2359,372,958.67,2026-01-01 19:01:01,failed,online
88757,2410,454,3324.29,2026-01-01 22:31:02,failed,online
87842,1435,312,3582.54,2026-01-01 07:44:45,failed,online
75704,4275,53,1990.56,2026-01-02 03:13:49,success,online
7796,1734,255,804.9,2026-01-01 22:24:25,success,store
3750,1915,281,4497.94,2026-01-01 00:57:25,failed,store
94985,2909,337,4658.55,2026-01-01 16:27:55,success,online
92951,3413,176,1516.02,2026-01-01 04:36:46,success,online
93243,3984,24,313.96,2026-01-01 14:54:36,failed,online
62029,4973,38,2332.97,2026-01-01 03:24:27,success,store
55212,135,447,1310.29,2026-01-01 00:00:31,success,store
58934,1351,244,3293.14,2026-01-02 01:44:23,failed,store
41484,1226,394,1204.94,2026-01-01 15:42:07,success,online
3502,4956,377,1003.03,2026-01-01 18:25:10,success,store
47609,2211,447,367.28,2026-01-01 20:48:12,success,store
92875,1758,222,3577.28,2026-01-01 10:49:32,success,online
77820,963,344,4847.59,2026-01-01 00:34:26,success,online
81282,4759,235,1377.78,2026-01-01 10:27:27,failed,store
53105,2252,208,2562.04,2026-01-01 22:51:59,success,store
21187,3759,216,3972.7,2026-01-01 22:39:31,success,online
57532,1068,203,4667.02,2026-01-01 20:33:39,success,online
23796,49,141,501.08,2026-01-01 19:51:44,failed,store
43442,3312,30,2234.78,2026-01-01 15:05:01,success,online
46042,2161,8,2615.61,2026-01-01 17:51:59,success,store
10455,2134,5,3170.7,2026-01-01 17:33:47,failed,online
58446,3956,400,1546.46,2026-01-01 14:06:13,failed,online
49316,3881,188,4557.74,2026-01-02 00:55:14,success,online
11457,1965,429,3843.62,2026-01-01 23:25:12,failed,online
62528,4045,26,538.98,2026-01-01 17:55:04,success,store
19458,1563,383,2808.81,2026-01-01 00:12:57,success,online
58069,3382,447,2985.27,2026-01-01 13:40:05,failed,store
99018,550,225,1399.59,2026-01-01 19:26:09,failed,store
35136,2518,334,4004.8,2026-01-01 20:20:32,success,online
96315,1466,26,2209.44,2026-01-02 02:00:08,failed,store
21784,3813,318,4003.95,2026-01-01 12:08:54,success,store
76301,87,244,1725.79,2026-01-02 02:19:02,failed,online
81110,1384,99,2179.81,2026-01-01 07:51:48,success,store
68525,476,402,1819.63,2026-01-01 23:48:20,failed,store
71724,1324,249,1310.72,2026-01-01 11:35:59,failed,online
46651,3484,53,4345.07,2026-01-01 03:04:25,failed,online
91699,782,136,1697.86,2026-01-01 22:51:08,success,store
57045,2196,29,3850.66,2026-01-01 11:25:59,success,store
63914,450,473,4048.23,2026-01-01 17:42:58,success,online
4548,3218,11,4859.53,2026-01-01 02:27:08,success,online
52239,353,339,608.47,2026-01-01 22:07:55,success,store
93432,2094,472,4362.69,2026-01-01 22:31:28,success,store
94661,826,6,3221.65,2026-01-01 19:14:10,failed,online
58674,4380,197,1872.08,2026-01-01 16:32:21,failed,online
90696,407,212,4950.72,2026-01-01 09:00:18,success,store
27234,1319,61,2526.59,2026-01-01 00:55:31,failed,store
20058,493,362,2221.6,2026-01-01 16:40:50,success,store
57377,1807,64,472.15,2026-01-01 09:56:20,success,store
47471,724,174,2025.08,2026-01-01 13:40:00,failed,online
91423,2833,434,1718.39,2026-01-01 18:55:28,failed,online
74634,1441,3,2445.22,2026-01-01 12:06:12,failed,store
68646,4221,178,2749.01,2026-01-01 10:39:08,success,online
23767,3012,125,741.72,2026-01-01 10:11:18,failed,store
39667,3420,249,4252.9,2026-01-01 07:22:53,success,online
28884,2885,63,4123.01,2026-01-01 17:00:00,success,store
65401,276,334,573.66,2026-01-01 20:07:14,success,store
24278,2447,401,4159.56,2026-01-01 01:59:59,failed,online
62025,942,236,131.82,2026-01-01 07:00:22,success,store
6551,2510,135,2874.2,2026-01-01 21:12:11,success,store
7915,17,205,3512.06,2026-01-01 15:27:13,failed,online
55299,363,417,2472.96,2026-01-02 01:33:44,success,store
55216,948,262,1062.95,2026-01-01 12:38:24,success,store
57231,1222,141,3137.04,2026-01-02 03:42:44,success,online
24544,1667,36,2209.39,2026-01-01 17:04:18,failed,store
23928,197,205,3534.51,2026-01-01 20:16:23,success,store
84398,1676,120,1425.69,2026-01-01 00:31:05,failed,online
3467,1860,239,3289.23,2026-01-01 09:04:44,success,online
38221,1211,338,4297.31,2026-01-02 01:11:58,success,store
29480,1264,482,2949.02,2026-01-01 09:20:09,failed,store
70054,640,197,3781.14,2026-01-01 18:19:59,success,store
85836,4059,97,2542.37,2026-01-02 01:25:31,failed,store
17662,119,155,1452.89,2026-01-02 00:16:54,success,online
55832,1959,338,322.3,2026-01-01 21:49:45,failed,online
97273,1717,4,1780.37,2026-01-01 16:23:05,success,store
93430,3597,425,4046.1,2026-01-01 01:27:18,failed,online
95570,4656,344,3043.62,2026-01-01 04:59:19,failed,online
53418,776,196,4275.96,2026-01-01 20:17:01,success,store
69680,4021,36,1752.52,2026-01-01 13:48:17,failed,store
69919,1457,10,393.17,2026-01-01 05:23:18,success,online
990,3626,447,2089.23,2026-01-01 09:12:48,success,store
4506,3377,137,4996.1,2026-01-01 08:56:41,success,store
42815,3622,327,4158.88,2026-01-02 00:03:39,failed,store
42240,3116,106,1478.53,2026-01-01 16:45:09,success,store
66854,2137,92,591.44,2026-01-01 22:04:30,failed,store
28500,3014,399,4943.16,2026-01-01 02:01:31,failed,store
77921,4710,382,1094.69,2026-01-01 02:40:42,success,store
36773,1349,464,907.71,2026-01-01 21:11:32,failed,store
2083,4636,214,4988.73,2026-01-01 13:56:37,success,store
7199,3532,390,4209.04,2026-01-01 17:22:20,failed,online
43842,476,143,4219.12,2026-01-01 17:24:16,success,store
65598,586,26,404.57,2026-01-01 10:08:50,success,online
12882,4427,190,2879.75,2026-01-01 01:15:51,failed,store
34664,477,64,1548.63,2026-01-01 15:02:54,success,store
12592,102,348,504.73,2026-01-02 03:18:12,success,store
63592,3668,207,2571.46,2026-01-01 14:35:26,success,online
56427,632,234,1384.75,2026-01-01 06:36:18,failed,online
25913,4380,388,2137.38,2026-01-01 10:02:21,success,online
65860,2125,126,3045.11,2026-01-01 06:16:03,failed,store
52419,15,105,431.03,2026-01-01 05:23:44,success,store
61718,2292,201,3076.0,2026-01-01 04:37:45,success,store
26391,3109,498,4649.85,2026-01-01 18:48:53,success,store
74116,2838,489,4627.9,2026-01-01 08:08:13,failed,online
69804,1355,14,815.13,2026-01-01 04:52:22,success,store
96800,3820,483,496.26,2026-01-01 02:08:29,success,online
50027,4858,267,91.26,2026-01-01 06:24:24,success,online
98075,4858,359,4553.98,2026-01-01 23:02:03,success,store
32506,4738,492,1007.7,2026-01-02 02:01:18,success,store
85139,1346,87,3422.35,2026-01-02 03:33:44,failed,store
60185,4701,219,484.79,2026-01-01 22:22:41,success,online
63226,1022,273,3889.87,2026-01-01 19:47:25,success,store
45260,1956,31,2533.17,2026-01-01 10:18:20,failed,online
71173,517,99,3142.12,2026-01-02 02:46:33,success,store
3724,728,427,4777.89,2026-01-01 06:14:49,success,store
67423,4455,456,1962.92,2026-01-02 03:21:48,failed,online
92436,1723,405,4263.89,2026-01-01 07:36:18,success,store
41394,2229,405,1697.02,2026-01-01 06:06:23,success,online
25644,903,177,4361.66,2026-01-01 19:55:27,failed,store
7363,4064,282,667.21,2026-01-01 15:04:26,success,store
88769,4145,116,2998.23,2026-01-01 12:28:52,failed,online
59980,53,225,2804.37,2026-01-01 05:47:54,failed,store
67048,1050,469,1648.76,2026-01-01 18:13:37,failed,store
9221,4685,203,2732.01,2026-01-01 17:30:33,failed,store
93541,1425,404,2681.31,2026-01-01 23:39:23,failed,online
81973,667,389,294.8,2026-01-01 15:33:49,failed,store
41782,2980,431,1954.12,2026-01-01 12:07:33,failed,store
68556,476,195,3121.36,2026-01-02 02:17:39,success,online
79478,1224,91,3997.26,2026-01-01 03:33:46,failed,online
51408,16,267,1099.33,2026-01-01 16:37:42,failed,online
1894,2081,146,4117.9,2026-01-01 15:44:14,success,online
94699,4906,488,1328.5,2026-01-02 02:44:20,success,online
74735,1072,387,650.62,2026-01-01 21:42:30,success,store
86645,4854,452,3968.63,2026-01-01 09:03:48,failed,online
80376,313,38,4442.84,2026-01-01 05:05:33,failed,online
65650,4964,109,4828.12,2026-01-01 14:09:48,failed,store
52889,920,304,37.73,2026-01-01 00:27:20,success,online
98993,4292,165,3759.25,2026-01-01 17:08:39,failed,store
12979,1365,225,560.69,2026-01-01 05:54:32,success,online
29776,4610,63,63.29,2026-01-01 16:42:10,success,store
63859,76,409,3167.74,2026-01-01 15:58:08,failed,store
27351,3084,71,2476.38,2026-01-01 14:04:58,success,online
19703,3297,79,2781.77,2026-01-01 17:19:23,success,store
78881,3058,42,4741.46,2026-01-01 20:28:27,failed,store
53124,366,494,4817.94,2026-01-01 06:15:18,failed,online
53251,156,474,3647.77,2026-01-01 04:18:48,success,store
73301,168,454,4239.15,2026-01-01 05:54:41,failed,store
14992,3469,378,4662.46,2026-01-01 04:54:48,failed,store
99596,4623,396,1497.69,2026-01-01 12:19:21,failed,online
7008,3943,468,521.03,2026-01-01 18:05:52,success,store
72622,3546,313,4220.68,2026-01-01 19:54:46,success,store
7818,3076,12,952.98,2026-01-01 16:35:50,success,online
58887,422,237,2828.59,2026-01-01 06:48:21,success,store
72836,1978,421,2432.55,2026-01-02 01:29:23,failed,online
75056,4106,170,591.27,2026-01-02 01:00:39,success,online
45784,1355,498,1170.96,2026-01-02 01:56:01,success,online
82818,3551,165,318.86,2026-01-01 10:39:41,failed,store
98060,4011,456,3863.35,2026-01-01 04:10:50,success,online
11259,391,112,4188.41,2026-01-01 09:17:47,success,online
39192,2395,58,1261.61,2026-01-01 11:23:29,success,store
8074,2717,308,3989.72,2026-01-02 00:15:07,failed,store
41199,2926,101,2981.01,2026-01-01 00:24:31,success,store
1534,2354,189,279.24,2026-01-02 02:53:08,success,store
6019,4671,135,488.77,2026-01-01 03:40:15,success,store
78723,2226,329,2698.9,2026-01-01 17:46:35,failed,online
71577,4640,282,4338.19,2026-01-01 13:48:22,failed,online
86296,3654,499,3302.93,2026-01-01 07:57:12,failed,store
21103,281,412,2202.86,2026-01-01 01:24:18,success,online
26953,1515,299,4925.79,2026-01-02 02:31:20,failed,online
9424,4307,462,4157.16,2026-01-02 02:33:01,failed,store
42579,3540,376,2389.35,2026-01-01 00:23:09,failed,store
